access_method,count,proportion
1.0,15491,96.08013397010482
2.0,563,3.4919059728338397
3.0,17,0.10543943434844633
4.0,21,0.13024871301866897
5.0,10,0.06202319667555666
,21,0.13024871301866897
