anaesthesia,count,proportion
1.0,49,0.30391366371022766
2.0,5526,34.27401848291261
3.0,384,2.3816907523413757
4.0,10068,62.44495441295045
,96,0.5954226880853439
