annualar_calc_ctaort,count,proportion
0.0,7170,44.470632016374125
1.0,6814,42.26260621472431
,2139,13.266761768901569
