artery_calc,count,proportion
1.0,3207,19.89083917385102
2.0,7716,47.85709855485952
3.0,3226,20.008683247534577
4.0,972,6.028654716864107
,1002,6.214724306890777
