cad,count,proportion
0.0,6041,37.46821311170378
1.0,10031,62.21546858525089
,51,0.316318303045339
