chronic_lung,count,proportion
1.0,10915,67.69831917137009
2.0,2767,17.161818520126527
3.0,1517,9.408918935681946
4.0,591,3.6655709235253986
,333,2.065372449296037
