ckd,count,proportion
0.0,9170,56.87527135148546
1.0,5869,36.4014141288842
,1084,6.723314519630341
