death_in_study,count,proportion
False,15248,94.57297029088879
True,875,5.427029709111208
