diabetes,count,proportion
0.0,11519,71.44452025057372
1.0,4569,28.33839856106184
,35,0.2170811883644483
