dialysis,count,proportion
0.0,15782,97.88500899336353
1.0,305,1.891707498604478
,36,0.22328350803200395
