diseased_vessels_number,count,proportion
1.0,10826,67.14631272095764
2.0,2447,15.177076226508715
3.0,985,6.1092848725423305
4.0,625,3.876449792222291
,1240,7.690876387769026
