ecg_conduct_1DAVBlock,count,proportion
0,14109,87.50852818954289
1,2014,12.49147181045711
