ecg_conduct_LBBB,count,proportion
0,14776,91.64547540780252
1,1347,8.354524592197482
