ecg_conduct_2DAVBlock,count,proportion
0,16075,99.70228865595733
1,48,0.29771134404267197
