ecg_conduct_RBBB,count,proportion
0,14790,91.7323078831483
1,1333,8.267692116851702
