ecg_conduct_3DAVBlock,count,proportion
0,16077,99.71469329529245
1,46,0.28530670470756064
