ecg_conduct_none,count,proportion
0,5935,36.81076722694287
1,10188,63.18923277305713
