ecg_conduct_Paced,count,proportion
0,15796,97.9718414687093
1,327,2.028158531290703
