ecg_rhythm_paced,count,proportion
0,14514,90.02046765490293
1,1609,9.979532345097066
