ecg_rhythm_junctional,count,proportion
0,16089,99.7891211313031
1,34,0.21087886869689265
