ecg_rhythm_Fibrillation,count,proportion
0,13478,83.59486447931526
1,2645,16.405135520684734
