ecg_rhythm_flutter,count,proportion
0,15934,98.82776158283197
1,189,1.172238417168021
