ecg_rhythm_Fib_flutter,count,proportion
0,15832,98.1951249767413
1,291,1.8048750232586988
