ecg_rhythm_sinus,count,proportion
0,4507,27.953854741673386
1,11616,72.0461452583266
