gender,count,proportion
1.0,6363,39.4653600446567
2.0,9740,60.41059356199219
,20,0.12404639335111332
