high_cfa_burif,count,proportion
0.0,13791,85.53619053526019
1.0,1289,7.994790051479253
,1043,6.46901941326056
