hospital_state,count,proportion
1.0,4560,28.282577684053834
2.0,4569,28.33839856106184
3.0,3991,24.75345779321466
4.0,1326,8.224275879178814
5.0,1513,9.384109657011724
6.0,156,0.9675618681386838
8.0,2,0.012404639335111331
,6,0.037213918005333996
