hostile_chest,count,proportion
0.0,15354,95.2304161756497
1.0,705,4.372635365626745
,64,0.3969484587235626
