hypertension,count,proportion
0.0,3671,22.76871549959685
1.0,12424,77.05761954971159
,28,0.17366495069155863
