iliofem_tort,count,proportion
1.0,5171,32.07219500093035
2.0,6766,41.96489487068163
3.0,2639,16.367921602679402
4.0,518,3.212801587793835
,1029,6.3821869379147795
