initial_bav,count,proportion
0.0,8515,52.812751969236494
1.0,7489,46.44917199032438
,119,0.7380760404391242
