insurance,count,proportion
1.0,621,3.851640513552068
2.0,5347,33.163803262420146
3.0,10042,62.283694101594
4.0,73,0.45276933573156364
,40,0.24809278670222665
