lm_sten,count,proportion
0.0,15168,94.07678471748434
1.0,576,3.572536128512063
,379,2.3506791540035974
