lvef_value_scale,count,proportion
1.0,10755,66.7059480245612
2.0,2485,15.412764373875829
3.0,832,5.160329963406314
4.0,433,2.6856044160516035
,1618,10.035353222105067
