meds_statins,count,proportion
0,7114,44.123302114991006
1,9009,55.876697885008994
