meds_none,count,proportion
0,15556,96.48328474849593
1,567,3.516715251504063
