meds_beta_blocker,count,proportion
0,11024,68.37437201513366
1,5099,31.625627984866338
