meds_doac,count,proportion
0,14324,88.84202691806736
1,1799,11.157973081932642
