meds_aspirin,count,proportion
0,6006,37.25113192333933
1,10117,62.74886807666067
