meds_diuretics,count,proportion
0,11557,71.68020839794083
1,4566,28.31979160205917
