meds_xa_inibitor,count,proportion
0,16010,99.29913787756621
1,113,0.7008621224337902
