meds_p2y12,count,proportion
0,11056,68.57284624449545
1,5067,31.427153755504563
