meds_warfarin,count,proportion
0,15766,97.78577187868262
1,357,2.214228121317373
