meds_ACE_ARB,count,proportion
0,8896,55.1758357625752
1,7227,44.824164237424796
