porcelain_aorta,count,proportion
0.0,15736,97.59970228865595
1.0,327,2.028158531290703
,60,0.37213918005333996
