prev_iliofem_interv,count,proportion
0.0,14499,89.9274328598896
1.0,773,4.79439310302053
,851,5.2781740370898715
