prior_ccf,count,proportion
0.0,10406,64.54133846058426
1.0,4662,28.915214290144515
,1055,6.543447249271228
