prior_af,count,proportion
0.0,10812,67.05948024561185
1.0,5249,32.555975934999694
,62,0.3845438193884513
