prior_bav,count,proportion
0.0,15134,93.86590584878745
1.0,943,5.848787446504993
,46,0.28530670470756064
