prior_pad,count,proportion
0.0,13808,85.64162996960863
1.0,2227,13.812565899646467
,88,0.5458041307448985
