prior_tia,count,proportion
0.0,14973,92.86733238231099
1.0,1077,6.679898281957453
,73,0.45276933573156364
