prior_tavi,count,proportion
0.0,16046,99.52242138559822
1.0,40,0.24809278670222665
,37,0.22948582769955964
