prior_cabg,count,proportion
0.0,13603,84.37015443775972
1.0,2478,15.36934813620294
,42,0.26049742603733794
