prior_stroke,count,proportion
0.0,14896,92.3897537679092
1.0,1185,7.349748806053465
,42,0.26049742603733794
