prior_pci,count,proportion
0.0,11868,73.60912981455064
1.0,4196,26.024933325063575
,59,0.36593686038578427
