prior_acute_mi,count,proportion
0.0,13876,86.06338770700242
1.0,2157,13.37840352291757
,90,0.5582087700800099
