prior_radiotherapy,count,proportion
0.0,15141,93.90932208646034
1.0,916,5.681324815480989
,66,0.4093530980586739
