prior_generator,count,proportion
0.0,13682,84.86013769149662
1.0,2402,14.89797184146871
,39,0.24189046703467096
