prior_valve_replace,count,proportion
0.0,15052,93.35731563604787
1.0,1028,6.375984618247224
,43,0.26669974570489363
