procedure_indic,count,proportion
1.0,14747,91.4656081374434
2.0,129,0.800099237114681
3.0,477,2.9585064814240525
4.0,702,4.354028406624078
,68,0.4217577373937853
