prox_lad,count,proportion
0.0,14365,89.09632202443714
1.0,1375,8.52818954288904
,383,2.37548843267382
