race,count,proportion
1.0,14459,89.67934007318738
2.0,151,0.9365502698009055
3.0,56,0.34732990138311726
4.0,16,0.09923711468089065
5.0,741,4.595918873658748
,700,4.341623767288967
