residential_loc_pre,count,proportion
1.0,4959,30.757303231408546
2.0,9820,60.90677913539664
3.0,421,2.6111765800409352
,923,5.724741053153879
