smoker,count,proportion
0.0,15531,96.32822675680704
1.0,522,3.237610866464057
,70,0.4341623767288966
