valve_morph,count,proportion
1.0,11,0.06822551634311232
2.0,714,4.428456242634746
3.0,14103,87.47131427153757
4.0,23,0.14265335235378032
5.0,520,3.225206227128946
,752,4.66414439000186
