valve_in_valve,count,proportion
0.0,14845,92.07343546486386
1.0,1049,6.506233331265894
,229,1.4203312038702474
