valve_calc,count,proportion
0.0,1292,8.01339701048192
1.0,14020,86.95652173913044
,811,5.030081250387645
