,penalty,CI,n_features
0,0,0.6832088085754968,44
0,0.0001,0.684432984137451,44
0,0.001,0.6890363956184605,32
0,0.002,0.6909095996321445,23
0,0.004,0.6877318289649871,15
0,0.007,0.6710235706433477,8
0,0.01,0.6508788213942707,5
0,0.02,0.6644442228629461,0
0,0.04,0.6851230552030181,0
0,0.07,0.6848923334068552,0
